dataset,model,epoch,train_loss,val_loss
D1_Kaggle_CC,MLP_Focal,1,0.027692049048485212,0.0018556794384494424
D1_Kaggle_CC,MLP_Focal,2,0.0009148555668463324,0.0007176263025030494
D1_Kaggle_CC,MLP_Focal,3,0.0005620552705642715,0.0004968863213434815
D1_Kaggle_CC,MLP_Focal,4,0.00047180258581974656,0.0004425685910973698
D1_Kaggle_CC,MLP_Focal,5,0.0004278030954471402,0.0003555106231942773
D1_Kaggle_CC,MLP_Focal,6,0.0003931778920467765,0.00034542998764663935
D1_Kaggle_CC,MLP_Focal,7,0.00037225295785942714,0.00035443060914985836
D1_Kaggle_CC,MLP_Focal,8,0.0003484530382419497,0.0003261538513470441
D1_Kaggle_CC,MLP_Focal,9,0.00032854126643695546,0.0003194458258803934
D1_Kaggle_CC,MLP_Focal,10,0.00032900285155295256,0.0003265296691097319
D1_Kaggle_CC,MLP_Focal,11,0.00031298429358899696,0.00030545529443770647
D1_Kaggle_CC,MLP_Focal,12,0.00030186253321374076,0.00029885643743909895
D1_Kaggle_CC,MLP_Focal,13,0.0002914445182561006,0.00029784993967041373
D1_Kaggle_CC,MLP_Focal,14,0.00029208754576655013,0.000308281829347834
D1_Kaggle_CC,MLP_Focal,15,0.000278026964878428,0.00030896178213879466
D1_Kaggle_CC,MLP_Focal,16,0.00027628536108852456,0.0002893225464504212
D1_Kaggle_CC,MLP_Focal,17,0.00027038156463021643,0.00027662888169288635
D1_Kaggle_CC,MLP_Focal,18,0.00026830563962157406,0.0002809221623465419
D1_Kaggle_CC,MLP_Focal,19,0.0002525619574033739,0.0002727713726926595
D1_Kaggle_CC,MLP_Focal,20,0.00025377780345959845,0.0002849017910193652
D1_Kaggle_CC,MLP_Focal,21,0.0002516702788648473,0.00027730889269150794
D1_Kaggle_CC,MLP_Focal,22,0.00023688072656880373,0.00027910087374038994
D1_Kaggle_CC,MLP_Focal,23,0.00023615379835605841,0.0002782002557069063
D1_Kaggle_CC,MLP_Focal,24,0.00023934180672369437,0.0002806345000863075
D1_Kaggle_CC,MLP_Focal,25,0.00024292280734320476,0.0002864845155272633
D1_Kaggle_CC,MLP_Focal_SMOTE,1,0.01694531629406167,0.005843448918312788
D1_Kaggle_CC,MLP_Focal_SMOTE,2,0.006491495060912344,0.0036939908750355244
D1_Kaggle_CC,MLP_Focal_SMOTE,3,0.003920423534039533,0.00228781602345407
D1_Kaggle_CC,MLP_Focal_SMOTE,4,0.002759096222495388,0.0016118338098749518
D1_Kaggle_CC,MLP_Focal_SMOTE,5,0.002188801741243204,0.001479446073062718
D1_Kaggle_CC,MLP_Focal_SMOTE,6,0.0017663716044920507,0.0011550282360985875
D1_Kaggle_CC,MLP_Focal_SMOTE,7,0.0016431146719247062,0.0011800976935774088
D1_Kaggle_CC,MLP_Focal_SMOTE,8,0.0014870503892483755,0.0010532848536968231
D1_Kaggle_CC,MLP_Focal_SMOTE,9,0.001387546377372928,0.0009285539272241294
D1_Kaggle_CC,MLP_Focal_SMOTE,10,0.0019768649565704752,0.001086402335204184
D1_Kaggle_CC,MLP_Focal_SMOTE,11,0.0012893017835645634,0.0009779392275959253
D1_Kaggle_CC,MLP_Focal_SMOTE,12,0.0012224241646446204,0.00093519949587062
D1_Kaggle_CC,MLP_Focal_SMOTE,13,0.001286905796824316,0.0011485934955999255
D1_Kaggle_CC,MLP_Focal_SMOTE,14,0.001044067135113396,0.0008932454511523247
D1_Kaggle_CC,MLP_Focal_SMOTE,15,0.0007965830141636595,0.0009788043098524213
D1_Kaggle_CC,MLP_Focal_SMOTE,16,0.0006375661164945975,0.0009271435556001961
D1_Kaggle_CC,MLP_Focal_SMOTE,17,0.0006184180963194531,0.0009222043445333838
D1_Kaggle_CC,MLP_Focal_SMOTE,18,0.0006862142519944274,0.0008992417133413255
D1_Kaggle_CC,MLP_Focal_SMOTE,19,0.0007811330118314023,0.0010681765852496028
D1_Kaggle_CC,MLP_Focal_SMOTE,20,0.0007206201614658976,0.000977223040536046
D2_Online_Fraud,MLP_Focal,1,0.02299059549732966,0.0030490378849208355
D2_Online_Fraud,MLP_Focal,2,0.002646034215626485,0.011862555518746376
D2_Online_Fraud,MLP_Focal,3,0.002273105089849931,0.0033640428446233273
D2_Online_Fraud,MLP_Focal,4,0.0019874760838958653,0.023097435012459755
D2_Online_Fraud,MLP_Focal,5,0.0018033419532622111,0.0035467478446662426
D2_Online_Fraud,MLP_Focal,6,0.0015775551394054152,0.004889955278486013
D2_Online_Fraud,MLP_Focal,7,0.0015008773969268387,0.0034062161576002836
D2_Online_Fraud,MLP_Focal_SMOTE,1,0.01749744885451693,0.006604734808206558
D2_Online_Fraud,MLP_Focal_SMOTE,2,0.0036389831121124445,0.03602565452456474
D2_Online_Fraud,MLP_Focal_SMOTE,3,0.002329687013622015,0.016934210434556007
D2_Online_Fraud,MLP_Focal_SMOTE,4,0.0017536972128950497,0.008922435343265533
D2_Online_Fraud,MLP_Focal_SMOTE,5,0.0014494452494779294,0.03510672599077225
D2_Online_Fraud,MLP_Focal_SMOTE,6,0.0012056526845012278,0.04018281027674675
D2_Online_Fraud,MLP_Focal_SMOTE,7,0.0010019219450884186,0.026369674131274223
D3_PaySim,MLP_Focal,1,0.050872814819394124,0.007496359292417765
D3_PaySim,MLP_Focal,2,0.00544778051017414,0.003697586478665471
D3_PaySim,MLP_Focal,3,0.003974804821025048,0.0029253081884235144
D3_PaySim,MLP_Focal,4,0.0035244292424370847,0.0026433118619024754
D3_PaySim,MLP_Focal,5,0.00332202006220108,0.0024660159833729267
D3_PaySim,MLP_Focal,6,0.003129545085516477,0.002415437251329422
D3_PaySim,MLP_Focal,7,0.003050067380721134,0.0023554752115160227
D3_PaySim,MLP_Focal,8,0.0029819648978965624,0.0022956589236855507
D3_PaySim,MLP_Focal,9,0.0029481209607587922,0.0024035731330513954
D3_PaySim,MLP_Focal,10,0.002804856507166747,0.002278254134580493
D3_PaySim,MLP_Focal,11,0.0027270096017875606,0.0021518818102777004
D3_PaySim,MLP_Focal,12,0.0026749305996216005,0.0021529411897063255
D3_PaySim,MLP_Focal,13,0.002607848395460418,0.002015409991145134
D3_PaySim,MLP_Focal,14,0.0026104651883037556,0.0020270468667149544
D3_PaySim,MLP_Focal,15,0.002544719151162084,0.0019414807902649045
D3_PaySim,MLP_Focal,16,0.002500375596037696,0.002011676784604788
D3_PaySim,MLP_Focal,17,0.00247661245521158,0.001998725114390254
D3_PaySim,MLP_Focal,18,0.002475531965804597,0.00182141934055835
D3_PaySim,MLP_Focal,19,0.0024636132450449088,0.0020147745963186026
D3_PaySim,MLP_Focal,20,0.0024283391678528417,0.001866666367277503
D3_PaySim,MLP_Focal,21,0.0022776979132599776,0.0017479266971349716
D3_PaySim,MLP_Focal,22,0.002352645134715925,0.0018088603392243385
D3_PaySim,MLP_Focal,23,0.0022543600653224284,0.0018708466086536646
D3_PaySim,MLP_Focal,24,0.0022256297839155035,0.001724260626360774
D3_PaySim,MLP_Focal,25,0.002127818831626976,0.0017073905328288674
D3_PaySim,MLP_Focal,26,0.0022292144130915403,0.001990780234336853
D3_PaySim,MLP_Focal,27,0.0020861398218022216,0.001626254990696907
D3_PaySim,MLP_Focal,28,0.002129035015102653,0.0017374356975778937
D3_PaySim,MLP_Focal,29,0.002017425405534191,0.0015447218902409077
D3_PaySim,MLP_Focal,30,0.0020841180369080533,0.0016020288458094
D3_PaySim,MLP_Focal,31,0.0020599651191058376,0.0016050577396526933
D3_PaySim,MLP_Focal,32,0.0020039451774209738,0.0019254563376307487
D3_PaySim,MLP_Focal,33,0.002082876437934973,0.0016899927286431193
D3_PaySim,MLP_Focal,34,0.002008266157529775,0.0015780531102791429
D3_PaySim,MLP_Focal,35,0.0020573276930326034,0.0016091588186100125
D3_PaySim,MLP_Focal_SMOTE,1,0.031525353954090334,0.011969566345214844
D3_PaySim,MLP_Focal_SMOTE,2,0.015100454351281732,0.008899870328605175
D3_PaySim,MLP_Focal_SMOTE,3,0.013737695223492821,0.008024604991078377
D3_PaySim,MLP_Focal_SMOTE,4,0.012854602150013291,0.009543054737150669
D3_PaySim,MLP_Focal_SMOTE,5,0.011769493065047555,0.009044548496603966
D3_PaySim,MLP_Focal_SMOTE,6,0.01166761234947821,0.009090805426239967
D3_PaySim,MLP_Focal_SMOTE,7,0.010870500528291473,0.007661876734346151
D3_PaySim,MLP_Focal_SMOTE,8,0.010218017064489243,0.007080546580255032
D3_PaySim,MLP_Focal_SMOTE,9,0.00997044323617971,0.0065600196830928326
D3_PaySim,MLP_Focal_SMOTE,10,0.009477890725058268,0.007059394381940365
D3_PaySim,MLP_Focal_SMOTE,11,0.009803983818255061,0.007230219431221485
D3_PaySim,MLP_Focal_SMOTE,12,0.00949612756191594,0.0075331139378249645
D3_PaySim,MLP_Focal_SMOTE,13,0.009541758517848282,0.007814867421984673
D3_PaySim,MLP_Focal_SMOTE,14,0.009193203226489022,0.006778134033083916
D3_PaySim,MLP_Focal_SMOTE,15,0.009108970180244707,0.006479257717728615
D3_PaySim,MLP_Focal_SMOTE,16,0.009048228375462255,0.00639718770980835
D3_PaySim,MLP_Focal_SMOTE,17,0.00849712794888916,0.004558137152343988
D3_PaySim,MLP_Focal_SMOTE,18,0.008588735801659949,0.007269671652466059
D3_PaySim,MLP_Focal_SMOTE,19,0.008076894274965777,0.005485536064952612
D3_PaySim,MLP_Focal_SMOTE,20,0.008385776939642866,0.006127511151134968
D3_PaySim,MLP_Focal_SMOTE,21,0.007665132876576447,0.006966033484786749
D3_PaySim,MLP_Focal_SMOTE,22,0.007782588712871075,0.00649236049503088
D3_PaySim,MLP_Focal_SMOTE,23,0.00817308857340396,0.006245994940400124
