dataset,model,model_display,top_k_pct,reviewed_transactions,frauds_found,recall_at_k,precision_at_k
D1_Kaggle_CC,LR_balanced,LogReg balanced,0.01,568,81,0.8526315789473684,0.1426056338028169
D1_Kaggle_CC,LR_balanced,LogReg balanced,0.02,1135,83,0.8736842105263158,0.07312775330396476
D1_Kaggle_CC,LR_balanced,LogReg balanced,0.05,2838,83,0.8736842105263158,0.029245947850599013
D1_Kaggle_CC,LR_balanced,LogReg balanced,0.1,5675,86,0.9052631578947369,0.015154185022026432
D1_Kaggle_CC,RF,Random Forest,0.01,568,80,0.8421052631578947,0.14084507042253522
D1_Kaggle_CC,RF,Random Forest,0.02,1135,81,0.8526315789473684,0.07136563876651983
D1_Kaggle_CC,RF,Random Forest,0.05,2838,82,0.8631578947368421,0.028893587033121917
D1_Kaggle_CC,RF,Random Forest,0.1,5675,84,0.8842105263157894,0.014801762114537445
D1_Kaggle_CC,BRF,Balanced RF,0.01,568,80,0.8421052631578947,0.14084507042253522
D1_Kaggle_CC,BRF,Balanced RF,0.02,1135,82,0.8631578947368421,0.0722466960352423
D1_Kaggle_CC,BRF,Balanced RF,0.05,2838,84,0.8842105263157894,0.02959830866807611
D1_Kaggle_CC,BRF,Balanced RF,0.1,5675,86,0.9052631578947369,0.015154185022026432
D1_Kaggle_CC,EasyEnsemble,EasyEnsemble,0.01,568,80,0.8421052631578947,0.14084507042253522
D1_Kaggle_CC,EasyEnsemble,EasyEnsemble,0.02,1135,82,0.8631578947368421,0.0722466960352423
D1_Kaggle_CC,EasyEnsemble,EasyEnsemble,0.05,2838,83,0.8736842105263158,0.029245947850599013
D1_Kaggle_CC,EasyEnsemble,EasyEnsemble,0.1,5675,86,0.9052631578947369,0.015154185022026432
D1_Kaggle_CC,XGB,XGBoost,0.01,568,83,0.8736842105263158,0.14612676056338028
D1_Kaggle_CC,XGB,XGBoost,0.02,1135,85,0.8947368421052632,0.07488986784140969
D1_Kaggle_CC,XGB,XGBoost,0.05,2838,85,0.8947368421052632,0.029950669485553208
D1_Kaggle_CC,XGB,XGBoost,0.1,5675,86,0.9052631578947369,0.015154185022026432
D1_Kaggle_CC,XGB_spw,XGBoost scale_pos_weight,0.01,568,82,0.8631578947368421,0.1443661971830986
D1_Kaggle_CC,XGB_spw,XGBoost scale_pos_weight,0.02,1135,82,0.8631578947368421,0.0722466960352423
D1_Kaggle_CC,XGB_spw,XGBoost scale_pos_weight,0.05,2838,84,0.8842105263157894,0.02959830866807611
D1_Kaggle_CC,XGB_spw,XGBoost scale_pos_weight,0.1,5675,86,0.9052631578947369,0.015154185022026432
D1_Kaggle_CC,XGB_SMOTE,XGBoost + SMOTE,0.01,568,80,0.8421052631578947,0.14084507042253522
D1_Kaggle_CC,XGB_SMOTE,XGBoost + SMOTE,0.02,1135,81,0.8526315789473684,0.07136563876651983
D1_Kaggle_CC,XGB_SMOTE,XGBoost + SMOTE,0.05,2838,82,0.8631578947368421,0.028893587033121917
D1_Kaggle_CC,XGB_SMOTE,XGBoost + SMOTE,0.1,5675,86,0.9052631578947369,0.015154185022026432
D1_Kaggle_CC,XGB_ADASYN,XGBoost + ADASYN,0.01,568,80,0.8421052631578947,0.14084507042253522
D1_Kaggle_CC,XGB_ADASYN,XGBoost + ADASYN,0.02,1135,80,0.8421052631578947,0.07048458149779736
D1_Kaggle_CC,XGB_ADASYN,XGBoost + ADASYN,0.05,2838,82,0.8631578947368421,0.028893587033121917
D1_Kaggle_CC,XGB_ADASYN,XGBoost + ADASYN,0.1,5675,85,0.8947368421052632,0.014977973568281937
D1_Kaggle_CC,LightGBM,LightGBM balanced,0.01,568,82,0.8631578947368421,0.1443661971830986
D1_Kaggle_CC,LightGBM,LightGBM balanced,0.02,1135,82,0.8631578947368421,0.0722466960352423
D1_Kaggle_CC,LightGBM,LightGBM balanced,0.05,2838,83,0.8736842105263158,0.029245947850599013
D1_Kaggle_CC,LightGBM,LightGBM balanced,0.1,5675,86,0.9052631578947369,0.015154185022026432
D1_Kaggle_CC,CatBoost,CatBoost balanced,0.01,568,81,0.8526315789473684,0.1426056338028169
D1_Kaggle_CC,CatBoost,CatBoost balanced,0.02,1135,81,0.8526315789473684,0.07136563876651983
D1_Kaggle_CC,CatBoost,CatBoost balanced,0.05,2838,84,0.8842105263157894,0.02959830866807611
D1_Kaggle_CC,CatBoost,CatBoost balanced,0.1,5675,86,0.9052631578947369,0.015154185022026432
D1_Kaggle_CC,MLP_Focal,MLP + Focal Loss,0.01,568,82,0.8631578947368421,0.1443661971830986
D1_Kaggle_CC,MLP_Focal,MLP + Focal Loss,0.02,1135,83,0.8736842105263158,0.07312775330396476
D1_Kaggle_CC,MLP_Focal,MLP + Focal Loss,0.05,2838,83,0.8736842105263158,0.029245947850599013
D1_Kaggle_CC,MLP_Focal,MLP + Focal Loss,0.1,5675,87,0.9157894736842105,0.015330396475770926
D1_Kaggle_CC,MLP_Focal_SMOTE,MLP + Focal + SMOTE,0.01,568,77,0.8105263157894737,0.13556338028169015
D1_Kaggle_CC,MLP_Focal_SMOTE,MLP + Focal + SMOTE,0.02,1135,80,0.8421052631578947,0.07048458149779736
D1_Kaggle_CC,MLP_Focal_SMOTE,MLP + Focal + SMOTE,0.05,2838,84,0.8842105263157894,0.02959830866807611
D1_Kaggle_CC,MLP_Focal_SMOTE,MLP + Focal + SMOTE,0.1,5675,86,0.9052631578947369,0.015154185022026432
D2_Online_Fraud,LR_balanced,LogReg balanced,0.01,600,182,0.42424242424242425,0.30333333333333334
D2_Online_Fraud,LR_balanced,LogReg balanced,0.02,1200,234,0.5454545454545454,0.195
D2_Online_Fraud,LR_balanced,LogReg balanced,0.05,3000,298,0.6946386946386947,0.09933333333333333
D2_Online_Fraud,LR_balanced,LogReg balanced,0.1,6000,325,0.7575757575757576,0.05416666666666667
D2_Online_Fraud,RF,Random Forest,0.01,600,368,0.8578088578088578,0.6133333333333333
D2_Online_Fraud,RF,Random Forest,0.02,1200,402,0.9370629370629371,0.335
D2_Online_Fraud,RF,Random Forest,0.05,3000,418,0.9743589743589743,0.13933333333333334
D2_Online_Fraud,RF,Random Forest,0.1,6000,421,0.9813519813519813,0.07016666666666667
D2_Online_Fraud,BRF,Balanced RF,0.01,600,342,0.7972027972027972,0.57
D2_Online_Fraud,BRF,Balanced RF,0.02,1200,389,0.9067599067599068,0.32416666666666666
D2_Online_Fraud,BRF,Balanced RF,0.05,3000,408,0.951048951048951,0.136
D2_Online_Fraud,BRF,Balanced RF,0.1,6000,418,0.9743589743589743,0.06966666666666667
D2_Online_Fraud,EasyEnsemble,EasyEnsemble,0.01,600,285,0.6643356643356644,0.475
D2_Online_Fraud,EasyEnsemble,EasyEnsemble,0.02,1200,312,0.7272727272727273,0.26
D2_Online_Fraud,EasyEnsemble,EasyEnsemble,0.05,3000,387,0.9020979020979021,0.129
D2_Online_Fraud,EasyEnsemble,EasyEnsemble,0.1,6000,406,0.9463869463869464,0.06766666666666667
D2_Online_Fraud,XGB,XGBoost,0.01,600,387,0.9020979020979021,0.645
D2_Online_Fraud,XGB,XGBoost,0.02,1200,412,0.9603729603729604,0.3433333333333333
D2_Online_Fraud,XGB,XGBoost,0.05,3000,426,0.993006993006993,0.142
D2_Online_Fraud,XGB,XGBoost,0.1,6000,428,0.9976689976689976,0.07133333333333333
D2_Online_Fraud,XGB_spw,XGBoost scale_pos_weight,0.01,600,384,0.8951048951048951,0.64
D2_Online_Fraud,XGB_spw,XGBoost scale_pos_weight,0.02,1200,406,0.9463869463869464,0.3383333333333333
D2_Online_Fraud,XGB_spw,XGBoost scale_pos_weight,0.05,3000,424,0.9883449883449883,0.14133333333333334
D2_Online_Fraud,XGB_spw,XGBoost scale_pos_weight,0.1,6000,427,0.9953379953379954,0.07116666666666667
D2_Online_Fraud,XGB_SMOTE,XGBoost + SMOTE,0.01,600,360,0.8391608391608392,0.6
D2_Online_Fraud,XGB_SMOTE,XGBoost + SMOTE,0.02,1200,392,0.9137529137529138,0.32666666666666666
D2_Online_Fraud,XGB_SMOTE,XGBoost + SMOTE,0.05,3000,418,0.9743589743589743,0.13933333333333334
D2_Online_Fraud,XGB_SMOTE,XGBoost + SMOTE,0.1,6000,424,0.9883449883449883,0.07066666666666667
D2_Online_Fraud,XGB_ADASYN,XGBoost + ADASYN,0.01,600,361,0.8414918414918415,0.6016666666666667
D2_Online_Fraud,XGB_ADASYN,XGBoost + ADASYN,0.02,1200,394,0.9184149184149184,0.3283333333333333
D2_Online_Fraud,XGB_ADASYN,XGBoost + ADASYN,0.05,3000,417,0.972027972027972,0.139
D2_Online_Fraud,XGB_ADASYN,XGBoost + ADASYN,0.1,6000,423,0.986013986013986,0.0705
D2_Online_Fraud,LightGBM,LightGBM balanced,0.01,600,395,0.9207459207459208,0.6583333333333333
D2_Online_Fraud,LightGBM,LightGBM balanced,0.02,1200,415,0.9673659673659674,0.3458333333333333
D2_Online_Fraud,LightGBM,LightGBM balanced,0.05,3000,426,0.993006993006993,0.142
D2_Online_Fraud,LightGBM,LightGBM balanced,0.1,6000,428,0.9976689976689976,0.07133333333333333
D2_Online_Fraud,CatBoost,CatBoost balanced,0.01,600,373,0.8694638694638694,0.6216666666666667
D2_Online_Fraud,CatBoost,CatBoost balanced,0.02,1200,407,0.9487179487179487,0.33916666666666667
D2_Online_Fraud,CatBoost,CatBoost balanced,0.05,3000,423,0.986013986013986,0.141
D2_Online_Fraud,CatBoost,CatBoost balanced,0.1,6000,426,0.993006993006993,0.071
D2_Online_Fraud,MLP_Focal,MLP + Focal Loss,0.01,600,197,0.4592074592074592,0.3283333333333333
D2_Online_Fraud,MLP_Focal,MLP + Focal Loss,0.02,1200,218,0.5081585081585082,0.18166666666666667
D2_Online_Fraud,MLP_Focal,MLP + Focal Loss,0.05,3000,241,0.5617715617715617,0.08033333333333334
D2_Online_Fraud,MLP_Focal,MLP + Focal Loss,0.1,6000,269,0.627039627039627,0.044833333333333336
D2_Online_Fraud,MLP_Focal_SMOTE,MLP + Focal + SMOTE,0.01,600,163,0.37995337995337997,0.27166666666666667
D2_Online_Fraud,MLP_Focal_SMOTE,MLP + Focal + SMOTE,0.02,1200,185,0.43123543123543123,0.15416666666666667
D2_Online_Fraud,MLP_Focal_SMOTE,MLP + Focal + SMOTE,0.05,3000,221,0.5151515151515151,0.07366666666666667
D2_Online_Fraud,MLP_Focal_SMOTE,MLP + Focal + SMOTE,0.1,6000,254,0.5920745920745921,0.042333333333333334
D3_PaySim,LR_balanced,LogReg balanced,0.01,400,392,0.4360400444938821,0.98
D3_PaySim,LR_balanced,LogReg balanced,0.02,800,633,0.7041156840934372,0.79125
D3_PaySim,LR_balanced,LogReg balanced,0.05,2000,787,0.8754171301446051,0.3935
D3_PaySim,LR_balanced,LogReg balanced,0.1,4000,860,0.9566184649610678,0.215
D3_PaySim,RF,Random Forest,0.01,400,400,0.44493882091212456,1.0
D3_PaySim,RF,Random Forest,0.02,800,782,0.8698553948832035,0.9775
D3_PaySim,RF,Random Forest,0.05,2000,896,0.996662958843159,0.448
D3_PaySim,RF,Random Forest,0.1,4000,897,0.9977753058954394,0.22425
D3_PaySim,BRF,Balanced RF,0.01,400,400,0.44493882091212456,1.0
D3_PaySim,BRF,Balanced RF,0.02,800,778,0.8654060066740823,0.9725
D3_PaySim,BRF,Balanced RF,0.05,2000,897,0.9977753058954394,0.4485
D3_PaySim,BRF,Balanced RF,0.1,4000,897,0.9977753058954394,0.22425
D3_PaySim,EasyEnsemble,EasyEnsemble,0.01,400,394,0.4382647385984427,0.985
D3_PaySim,EasyEnsemble,EasyEnsemble,0.02,800,679,0.7552836484983315,0.84875
D3_PaySim,EasyEnsemble,EasyEnsemble,0.05,2000,853,0.9488320355951056,0.4265
D3_PaySim,EasyEnsemble,EasyEnsemble,0.1,4000,888,0.9877641824249166,0.222
D3_PaySim,XGB,XGBoost,0.01,400,400,0.44493882091212456,1.0
D3_PaySim,XGB,XGBoost,0.02,800,789,0.8776418242491657,0.98625
D3_PaySim,XGB,XGBoost,0.05,2000,896,0.996662958843159,0.448
D3_PaySim,XGB,XGBoost,0.1,4000,897,0.9977753058954394,0.22425
D3_PaySim,XGB_spw,XGBoost scale_pos_weight,0.01,400,400,0.44493882091212456,1.0
D3_PaySim,XGB_spw,XGBoost scale_pos_weight,0.02,800,785,0.8731924360400445,0.98125
D3_PaySim,XGB_spw,XGBoost scale_pos_weight,0.05,2000,896,0.996662958843159,0.448
D3_PaySim,XGB_spw,XGBoost scale_pos_weight,0.1,4000,896,0.996662958843159,0.224
D3_PaySim,XGB_SMOTE,XGBoost + SMOTE,0.01,400,400,0.44493882091212456,1.0
D3_PaySim,XGB_SMOTE,XGBoost + SMOTE,0.02,800,788,0.8765294771968855,0.985
D3_PaySim,XGB_SMOTE,XGBoost + SMOTE,0.05,2000,894,0.9944382647385984,0.447
D3_PaySim,XGB_SMOTE,XGBoost + SMOTE,0.1,4000,896,0.996662958843159,0.224
D3_PaySim,XGB_ADASYN,XGBoost + ADASYN,0.01,400,400,0.44493882091212456,1.0
D3_PaySim,XGB_ADASYN,XGBoost + ADASYN,0.02,800,787,0.8754171301446051,0.98375
D3_PaySim,XGB_ADASYN,XGBoost + ADASYN,0.05,2000,893,0.9933259176863182,0.4465
D3_PaySim,XGB_ADASYN,XGBoost + ADASYN,0.1,4000,894,0.9944382647385984,0.2235
D3_PaySim,LightGBM,LightGBM balanced,0.01,400,400,0.44493882091212456,1.0
D3_PaySim,LightGBM,LightGBM balanced,0.02,800,789,0.8776418242491657,0.98625
D3_PaySim,LightGBM,LightGBM balanced,0.05,2000,896,0.996662958843159,0.448
D3_PaySim,LightGBM,LightGBM balanced,0.1,4000,897,0.9977753058954394,0.22425
D3_PaySim,CatBoost,CatBoost balanced,0.01,400,400,0.44493882091212456,1.0
D3_PaySim,CatBoost,CatBoost balanced,0.02,800,779,0.8665183537263627,0.97375
D3_PaySim,CatBoost,CatBoost balanced,0.05,2000,896,0.996662958843159,0.448
D3_PaySim,CatBoost,CatBoost balanced,0.1,4000,897,0.9977753058954394,0.22425
D3_PaySim,MLP_Focal,MLP + Focal Loss,0.01,400,400,0.44493882091212456,1.0
D3_PaySim,MLP_Focal,MLP + Focal Loss,0.02,800,736,0.8186874304783093,0.92
D3_PaySim,MLP_Focal,MLP + Focal Loss,0.05,2000,875,0.9733036707452726,0.4375
D3_PaySim,MLP_Focal,MLP + Focal Loss,0.1,4000,891,0.9911012235817576,0.22275
D3_PaySim,MLP_Focal_SMOTE,MLP + Focal + SMOTE,0.01,400,400,0.44493882091212456,1.0
D3_PaySim,MLP_Focal_SMOTE,MLP + Focal + SMOTE,0.02,800,749,0.8331479421579533,0.93625
D3_PaySim,MLP_Focal_SMOTE,MLP + Focal + SMOTE,0.05,2000,890,0.9899888765294772,0.445
D3_PaySim,MLP_Focal_SMOTE,MLP + Focal + SMOTE,0.1,4000,894,0.9944382647385984,0.2235
