dataset,model,model_display,threshold,metric,estimate,ci_low,ci_high,bootstrap_rounds_used
D1_Kaggle_CC,XGB,XGBoost,0.05,recall,0.8,0.7240235667946511,0.8775066733400066,300
D1_Kaggle_CC,XGB,XGBoost,0.05,precision,0.8260869565217391,0.7524234693877551,0.9006481481481481,300
D1_Kaggle_CC,XGB,XGBoost,0.05,mcc,0.8126303292913175,0.7586399250361133,0.8705519776396446,300
D1_Kaggle_CC,XGB,XGBoost,0.05,pr_auc,0.8187552826807278,0.7531258447042739,0.894690700772799,300
D1_Kaggle_CC,XGB,XGBoost,0.05,roc_auc,0.9642535227231555,0.937784649481149,0.9873714672583029,300
D1_Kaggle_CC,XGB,XGBoost,0.05,expected_cost_per_10k,337.6449441370317,188.00444084164525,461.36291544778487,300
D1_Kaggle_CC,XGB_spw,XGBoost scale_pos_weight,0.06,recall,0.8105263157894737,0.7422234042553191,0.8931862745098039,300
D1_Kaggle_CC,XGB_spw,XGBoost scale_pos_weight,0.06,precision,0.6637931034482759,0.5835794800065822,0.7447619569986835,300
D1_Kaggle_CC,XGB_spw,XGBoost scale_pos_weight,0.06,mcc,0.7330125491561663,0.6740870349290744,0.7996118597586541,300
D1_Kaggle_CC,XGB_spw,XGBoost scale_pos_weight,0.06,pr_auc,0.808371403807528,0.7382356668685486,0.888718057698717,300
D1_Kaggle_CC,XGB_spw,XGBoost scale_pos_weight,0.06,roc_auc,0.9667669730361985,0.9387466971805393,0.9886839889252507,300
D1_Kaggle_CC,XGB_spw,XGBoost scale_pos_weight,0.06,expected_cost_per_10k,324.0757057766186,165.20547703802913,447.78486589363126,300
D1_Kaggle_CC,XGB_SMOTE,XGBoost + SMOTE,0.74,recall,0.8,0.7231350935657523,0.8787681912681913,300
D1_Kaggle_CC,XGB_SMOTE,XGBoost + SMOTE,0.74,precision,0.7450980392156863,0.6585,0.8314584654407102,300
D1_Kaggle_CC,XGB_SMOTE,XGBoost + SMOTE,0.74,mcc,0.7716659119278847,0.7109486957701372,0.8364432663597318,300
D1_Kaggle_CC,XGB_SMOTE,XGBoost + SMOTE,0.74,pr_auc,0.8014188118232862,0.7326955844967633,0.8814002225248577,300
D1_Kaggle_CC,XGB_SMOTE,XGBoost + SMOTE,0.74,roc_auc,0.9682508507770106,0.9499569390156914,0.9864588527132491,300
D1_Kaggle_CC,XGB_SMOTE,XGBoost + SMOTE,0.74,expected_cost_per_10k,339.4071828851373,197.546963662637,472.0729214393963,300
D1_Kaggle_CC,XGB_ADASYN,XGBoost + ADASYN,0.33,recall,0.8315789473684211,0.7688349007314524,0.9070182555780932,300
D1_Kaggle_CC,XGB_ADASYN,XGBoost + ADASYN,0.33,precision,0.37264150943396224,0.31065028425475816,0.4339315905839511,300
D1_Kaggle_CC,XGB_ADASYN,XGBoost + ADASYN,0.33,mcc,0.555671931473759,0.4920455102749039,0.6208390899578642,300
D1_Kaggle_CC,XGB_ADASYN,XGBoost + ADASYN,0.33,pr_auc,0.787555005652682,0.7095592177677548,0.8728061999519943,300
D1_Kaggle_CC,XGB_ADASYN,XGBoost + ADASYN,0.33,roc_auc,0.9631104203112503,0.9426310450984745,0.9852918154340669,300
D1_Kaggle_CC,XGB_ADASYN,XGBoost + ADASYN,0.33,expected_cost_per_10k,305.39597504669933,164.99400838825645,426.84065837239626,300
D1_Kaggle_CC,LightGBM,LightGBM balanced,0.02,recall,0.7894736842105263,0.7166854407209237,0.8738357843137254,300
D1_Kaggle_CC,LightGBM,LightGBM balanced,0.02,precision,0.872093023255814,0.7986260690528983,0.9371438746438746,300
D1_Kaggle_CC,LightGBM,LightGBM balanced,0.02,mcc,0.8294857169147337,0.7718789997880954,0.8916588613430864,300
D1_Kaggle_CC,LightGBM,LightGBM balanced,0.02,pr_auc,0.8197137102461289,0.7502569950591635,0.8971559608702814,300
D1_Kaggle_CC,LightGBM,LightGBM balanced,0.02,roc_auc,0.9667233077132471,0.9438549906924508,0.9884601067634857,300
D1_Kaggle_CC,LightGBM,LightGBM balanced,0.02,expected_cost_per_10k,354.3862122440349,196.35304691079548,477.8354421457019,300
D1_Kaggle_CC,CatBoost,CatBoost balanced,0.12,recall,0.8105263157894737,0.7422234042553191,0.8931862745098039,300
D1_Kaggle_CC,CatBoost,CatBoost balanced,0.12,precision,0.49044585987261147,0.4110732587933846,0.5690557346844772,300
D1_Kaggle_CC,CatBoost,CatBoost balanced,0.12,mcc,0.6297375046688866,0.5630957996756139,0.7016988032574325,300
D1_Kaggle_CC,CatBoost,CatBoost balanced,0.12,pr_auc,0.8063767432373146,0.7377327462542037,0.8838171881416428,300
D1_Kaggle_CC,CatBoost,CatBoost balanced,0.12,roc_auc,0.9672069708436419,0.942938843748225,0.987161037436094,300
D1_Kaggle_CC,CatBoost,CatBoost balanced,0.12,expected_cost_per_10k,331.3008846438516,172.9989779015261,454.84263207979416,300
D1_Kaggle_CC,BRF,Balanced RF,0.75,recall,0.7789473684210526,0.7000764251033987,0.8630965909090909,300
D1_Kaggle_CC,BRF,Balanced RF,0.75,precision,0.6788990825688074,0.6035220565392979,0.762070938215103,300
D1_Kaggle_CC,BRF,Balanced RF,0.75,mcc,0.7267177078802466,0.6642449783577754,0.8002703931030904,300
D1_Kaggle_CC,BRF,Balanced RF,0.75,pr_auc,0.682696483631589,0.5879650990477494,0.7952570198475907,300
D1_Kaggle_CC,BRF,Balanced RF,0.75,roc_auc,0.9668360014084388,0.9411479161768537,0.9881458656582679,300
D1_Kaggle_CC,BRF,Balanced RF,0.75,expected_cost_per_10k,376.23797272054424,217.2664152539386,516.0760229795933,300
D1_Kaggle_CC,EasyEnsemble,EasyEnsemble,0.62,recall,0.8105263157894737,0.7393455615942028,0.8927813299232736,300
D1_Kaggle_CC,EasyEnsemble,EasyEnsemble,0.62,precision,0.4350282485875706,0.3545704134366925,0.5188412623645784,300
D1_Kaggle_CC,EasyEnsemble,EasyEnsemble,0.62,mcc,0.592938943101741,0.5237552929415175,0.6619477957253657,300
D1_Kaggle_CC,EasyEnsemble,EasyEnsemble,0.62,pr_auc,0.6497036010852197,0.5603077337174764,0.7668253606607431,300
D1_Kaggle_CC,EasyEnsemble,EasyEnsemble,0.62,roc_auc,0.9661363342868478,0.9382864914654352,0.9888939608964116,300
D1_Kaggle_CC,EasyEnsemble,EasyEnsemble,0.62,expected_cost_per_10k,334.82536214006274,184.24646671131006,460.93557255136926,300
D1_Kaggle_CC,MLP_Focal_SMOTE,MLP + Focal + SMOTE,0.53,recall,0.7894736842105263,0.711629213483146,0.872982391782832,300
D1_Kaggle_CC,MLP_Focal_SMOTE,MLP + Focal + SMOTE,0.53,precision,0.646551724137931,0.5620502645502645,0.721108385370205,300
D1_Kaggle_CC,MLP_Focal_SMOTE,MLP + Focal + SMOTE,0.53,mcc,0.7139251225075234,0.6454713317839235,0.7766799783334446,300
D1_Kaggle_CC,MLP_Focal_SMOTE,MLP + Focal + SMOTE,0.53,pr_auc,0.7834272324238094,0.7057722938896184,0.8569693069265276,300
D1_Kaggle_CC,MLP_Focal_SMOTE,MLP + Focal + SMOTE,0.53,roc_auc,0.9480172691707026,0.9137532384515059,0.9828920781035786,300
D1_Kaggle_CC,MLP_Focal_SMOTE,MLP + Focal + SMOTE,0.53,expected_cost_per_10k,359.6729284883516,201.75871427060937,483.7345363549854,300
D2_Online_Fraud,XGB,XGBoost,0.03,recall,0.9417249417249417,0.920129840546697,0.9614071644637338,300
D2_Online_Fraud,XGB,XGBoost,0.03,precision,0.44938820912124583,0.41878939734607434,0.48470148995148993,300
D2_Online_Fraud,XGB,XGBoost,0.03,mcc,0.6473570065979041,0.621532540467048,0.6753208682614174,300
D2_Online_Fraud,XGB,XGBoost,0.03,pr_auc,0.9110798843713126,0.8904446281193524,0.9294236855221725,300
D2_Online_Fraud,XGB,XGBoost,0.03,roc_auc,0.9979783188727138,0.9970671529605065,0.9986932628848454,300
D2_Online_Fraud,XGB,XGBoost,0.03,expected_cost_per_10k,499.16666666666663,354.8541666666667,655.9499999999998,300
D2_Online_Fraud,XGB_spw,XGBoost scale_pos_weight,0.44,recall,0.9393939393939394,0.9170215934475056,0.9615581898543555,300
D2_Online_Fraud,XGB_spw,XGBoost scale_pos_weight,0.44,precision,0.41122448979591836,0.38123698058207195,0.44222573554447314,300
D2_Online_Fraud,XGB_spw,XGBoost scale_pos_weight,0.44,mcc,0.6179879792672124,0.5928331191391326,0.6438385596383219,300
D2_Online_Fraud,XGB_spw,XGBoost scale_pos_weight,0.44,pr_auc,0.8947749462008046,0.8727584904750649,0.9169167875650764,300
D2_Online_Fraud,XGB_spw,XGBoost scale_pos_weight,0.44,roc_auc,0.997105019615973,0.9956811915227646,0.9982025378056106,300
D2_Online_Fraud,XGB_spw,XGBoost scale_pos_weight,0.44,expected_cost_per_10k,529.5,372.075,692.3625,300
D2_Online_Fraud,XGB_SMOTE,XGBoost + SMOTE,0.07,recall,0.958041958041958,0.9393244734663846,0.9769930522845031,300
D2_Online_Fraud,XGB_SMOTE,XGBoost + SMOTE,0.07,precision,0.2367511520737327,0.21603366393529433,0.2588863473764561,300
D2_Online_Fraud,XGB_SMOTE,XGBoost + SMOTE,0.07,mcc,0.47038550873510626,0.4479553268210201,0.49327895707758174,300
D2_Online_Fraud,XGB_SMOTE,XGBoost + SMOTE,0.07,pr_auc,0.8292015143322358,0.800974529511627,0.8603817748849545,300
D2_Online_Fraud,XGB_SMOTE,XGBoost + SMOTE,0.07,roc_auc,0.9940599176888647,0.9910334158143714,0.9966854665403763,300
D2_Online_Fraud,XGB_SMOTE,XGBoost + SMOTE,0.07,expected_cost_per_10k,520.8333333333334,384.64166666666665,649.2333333333332,300
D2_Online_Fraud,XGB_ADASYN,XGBoost + ADASYN,0.1,recall,0.9533799533799534,0.9334085510688837,0.9750740160222918,300
D2_Online_Fraud,XGB_ADASYN,XGBoost + ADASYN,0.1,precision,0.20317933432687532,0.18651299059236792,0.22125567203880453,300
D2_Online_Fraud,XGB_ADASYN,XGBoost + ADASYN,0.1,mcc,0.43349370100439527,0.4144023876352368,0.4551681885522808,300
D2_Online_Fraud,XGB_ADASYN,XGBoost + ADASYN,0.1,pr_auc,0.830760741137082,0.8030400501663317,0.8614381135911409,300
D2_Online_Fraud,XGB_ADASYN,XGBoost + ADASYN,0.1,roc_auc,0.9923319254033864,0.9879070851705081,0.9961181128784108,300
D2_Online_Fraud,XGB_ADASYN,XGBoost + ADASYN,0.1,expected_cost_per_10k,600.6666666666666,441.5541666666666,738.0124999999999,300
D2_Online_Fraud,LightGBM,LightGBM balanced,0.03,recall,0.958041958041958,0.9387994682017837,0.9758759676386707,300
D2_Online_Fraud,LightGBM,LightGBM balanced,0.03,precision,0.42024539877300615,0.38852042987438523,0.45307762889284625,300
D2_Online_Fraud,LightGBM,LightGBM balanced,0.03,mcc,0.6311287776306518,0.6055654752678089,0.6581136084440331,300
D2_Online_Fraud,LightGBM,LightGBM balanced,0.03,pr_auc,0.9226575301297775,0.9035780949058123,0.9409016858324794,300
D2_Online_Fraud,LightGBM,LightGBM balanced,0.03,roc_auc,0.9981028690803582,0.9971077549401124,0.9988588736325179,300
D2_Online_Fraud,LightGBM,LightGBM balanced,0.03,expected_cost_per_10k,394.5,264.31666666666666,527.5999999999999,300
D2_Online_Fraud,CatBoost,CatBoost balanced,0.5,recall,0.9487179487179487,0.9288224840675118,0.9693187402682724,300
D2_Online_Fraud,CatBoost,CatBoost balanced,0.5,precision,0.34786324786324785,0.3188358008594552,0.3746518664581492,300
D2_Online_Fraud,CatBoost,CatBoost balanced,0.5,mcc,0.5702794028329576,0.5436938531074799,0.5937126137742265,300
D2_Online_Fraud,CatBoost,CatBoost balanced,0.5,pr_auc,0.8571049428706979,0.8295516011216232,0.8834254007382917,300
D2_Online_Fraud,CatBoost,CatBoost balanced,0.5,roc_auc,0.9963752485281419,0.9942093088266208,0.9979049227113449,300
D2_Online_Fraud,CatBoost,CatBoost balanced,0.5,expected_cost_per_10k,493.83333333333337,339.9041666666667,639.1541666666665,300
D2_Online_Fraud,BRF,Balanced RF,0.42,recall,0.9417249417249417,0.9224395194697598,0.9658140020275507,300
D2_Online_Fraud,BRF,Balanced RF,0.42,precision,0.17346500644053242,0.15771356908349357,0.19094054145813946,300
D2_Online_Fraud,BRF,Balanced RF,0.42,mcc,0.39668209593610865,0.3770167210515512,0.417345572972971,300
D2_Online_Fraud,BRF,Balanced RF,0.42,pr_auc,0.8056466551834334,0.7743535328559573,0.8404680779182434,300
D2_Online_Fraud,BRF,Balanced RF,0.42,roc_auc,0.9894631033020518,0.9848904947703518,0.993751019990121,300
D2_Online_Fraud,BRF,Balanced RF,0.42,expected_cost_per_10k,737.5,557.4791666666666,877.1208333333332,300
D2_Online_Fraud,EasyEnsemble,EasyEnsemble,0.48,recall,0.9370629370629371,0.9151217009183485,0.9611526907001045,300
D2_Online_Fraud,EasyEnsemble,EasyEnsemble,0.48,precision,0.08562300319488818,0.07761130843152007,0.09454750893420222,300
D2_Online_Fraud,EasyEnsemble,EasyEnsemble,0.48,mcc,0.27136949881236017,0.2568437642286768,0.2869578889109419,300
D2_Online_Fraud,EasyEnsemble,EasyEnsemble,0.48,pr_auc,0.5542207314280599,0.499970620110412,0.603659688056395,300
D2_Online_Fraud,EasyEnsemble,EasyEnsemble,0.48,roc_auc,0.9801355331646917,0.9738274415830521,0.9854893094761663,300
D2_Online_Fraud,EasyEnsemble,EasyEnsemble,0.48,expected_cost_per_10k,1165.5,989.9833333333333,1337.2583333333332,300
D2_Online_Fraud,MLP_Focal_SMOTE,MLP + Focal + SMOTE,0.02,recall,0.5128205128205128,0.46938504006334825,0.5592391304347826,300
D2_Online_Fraud,MLP_Focal_SMOTE,MLP + Focal + SMOTE,0.02,precision,0.08308157099697885,0.07188635772459816,0.09383376996216442,300
D2_Online_Fraud,MLP_Focal_SMOTE,MLP + Focal + SMOTE,0.02,mcc,0.19364765895889388,0.17208238136151582,0.2150317925914745,300
D2_Online_Fraud,MLP_Focal_SMOTE,MLP + Focal + SMOTE,0.02,pr_auc,0.1790337563536135,0.1452146100408109,0.22558591324272767,300
D2_Online_Fraud,MLP_Focal_SMOTE,MLP + Focal + SMOTE,0.02,roc_auc,0.8256829258491141,0.8019738280834249,0.8468050407810942,300
D2_Online_Fraud,MLP_Focal_SMOTE,MLP + Focal + SMOTE,0.02,expected_cost_per_10k,3888.0,3407.65,4392.845833333333,300
D3_PaySim,XGB,XGBoost,0.09,recall,0.9899888765294772,0.983058934483515,0.9955803492937936,300
D3_PaySim,XGB,XGBoost,0.09,precision,0.830999066293184,0.8090644917812815,0.8535179880320728,300
D3_PaySim,XGB,XGBoost,0.09,mcc,0.9047680921879029,0.8914200999667291,0.9178727176102698,300
D3_PaySim,XGB,XGBoost,0.09,pr_auc,0.988542769342702,0.9844544408401221,0.9923426878584272,300
D3_PaySim,XGB,XGBoost,0.09,roc_auc,0.9992479190040885,0.9985582061837975,0.999737657961447,300
D3_PaySim,XGB,XGBoost,0.09,expected_cost_per_10k,270.25,147.25,424.025,300
D3_PaySim,XGB_spw,XGBoost scale_pos_weight,0.41,recall,0.9888765294771968,0.9817987650362525,0.9946879817492899,300
D3_PaySim,XGB_spw,XGBoost scale_pos_weight,0.41,precision,0.8300653594771242,0.8078907653611211,0.8518383656547472,300
D3_PaySim,XGB_spw,XGBoost scale_pos_weight,0.41,mcc,0.9037232400061956,0.8910127645466829,0.9163337340863837,300
D3_PaySim,XGB_spw,XGBoost scale_pos_weight,0.41,pr_auc,0.9881612219101162,0.9838195234681122,0.9920225031341724,300
D3_PaySim,XGB_spw,XGBoost scale_pos_weight,0.41,roc_auc,0.9992059012399337,0.9986010744845262,0.9997319684758048,300
D3_PaySim,XGB_spw,XGBoost scale_pos_weight,0.41,expected_cost_per_10k,295.5,167.85625,450.8124999999999,300
D3_PaySim,XGB_SMOTE,XGBoost + SMOTE,0.48,recall,0.9877641824249166,0.980236210976086,0.9943663540936653,300
D3_PaySim,XGB_SMOTE,XGBoost + SMOTE,0.48,precision,0.8191881918819188,0.7952071473348921,0.8434005180928644,300
D3_PaySim,XGB_SMOTE,XGBoost + SMOTE,0.48,mcc,0.8970956796702755,0.8829734080767495,0.910617631438343,300
D3_PaySim,XGB_SMOTE,XGBoost + SMOTE,0.48,pr_auc,0.9868066243260644,0.9820120887985655,0.9912755169610777,300
D3_PaySim,XGB_SMOTE,XGBoost + SMOTE,0.48,roc_auc,0.9990005632428656,0.9981988684125044,0.9996196745965688,300
D3_PaySim,XGB_SMOTE,XGBoost + SMOTE,0.48,expected_cost_per_10k,324.0,175.61875,493.4437499999999,300
D3_PaySim,XGB_ADASYN,XGBoost + ADASYN,0.74,recall,0.9844271412680756,0.9759483544329153,0.9920184369056974,300
D3_PaySim,XGB_ADASYN,XGBoost + ADASYN,0.74,precision,0.8217270194986073,0.7981175595238096,0.843351634897913,300
D3_PaySim,XGB_ADASYN,XGBoost + ADASYN,0.74,mcc,0.8969632589603936,0.8824846629128257,0.9099938001021026,300
D3_PaySim,XGB_ADASYN,XGBoost + ADASYN,0.74,pr_auc,0.9849959024452843,0.9794177797177602,0.9901492408515874,300
D3_PaySim,XGB_ADASYN,XGBoost + ADASYN,0.74,roc_auc,0.9987448722041224,0.9976982202478425,0.9995047282001055,300
D3_PaySim,XGB_ADASYN,XGBoost + ADASYN,0.74,expected_cost_per_10k,398.0,236.44375000000002,585.4124999999997,300
D3_PaySim,LightGBM,LightGBM balanced,0.1,recall,0.9866518353726362,0.9791984748031748,0.994290546270565,300
D3_PaySim,LightGBM,LightGBM balanced,0.1,precision,0.8914572864321608,0.870376275510204,0.9103596929049252,300
D3_PaySim,LightGBM,LightGBM balanced,0.1,mcc,0.9363722534461396,0.9252407372740523,0.9463113027977463,300
D3_PaySim,LightGBM,LightGBM balanced,0.1,pr_auc,0.990418222461772,0.9869659168528008,0.9940090058013246,300
D3_PaySim,LightGBM,LightGBM balanced,0.1,roc_auc,0.9988688203411722,0.9973007487089148,0.999811728575175,300
D3_PaySim,LightGBM,LightGBM balanced,0.1,expected_cost_per_10k,327.0,155.01875,501.13125,300
D3_PaySim,CatBoost,CatBoost balanced,0.62,recall,0.9877641824249166,0.9804307234417341,0.994474377467819,300
D3_PaySim,CatBoost,CatBoost balanced,0.62,precision,0.8139321723189734,0.7951496321960282,0.8369319258729373,300
D3_PaySim,CatBoost,CatBoost balanced,0.62,mcc,0.8941306307577194,0.8812149380303681,0.9070830749757121,300
D3_PaySim,CatBoost,CatBoost balanced,0.62,pr_auc,0.9850979879772638,0.9809988740590637,0.9894574575597817,300
D3_PaySim,CatBoost,CatBoost balanced,0.62,roc_auc,0.9991823462577264,0.9986014512610476,0.9996659919546101,300
D3_PaySim,CatBoost,CatBoost balanced,0.62,expected_cost_per_10k,325.75,179.36875,501.68125,300
D3_PaySim,BRF,Balanced RF,0.42,recall,0.9899888765294772,0.9833236002966259,0.9956245062127416,300
D3_PaySim,BRF,Balanced RF,0.42,precision,0.5686900958466453,0.545476570753056,0.594917531386472,300
D3_PaySim,BRF,Balanced RF,0.42,mcc,0.7436072922727179,0.7281298627814923,0.7610294212259231,300
D3_PaySim,BRF,Balanced RF,0.42,pr_auc,0.9750802731325935,0.9693259909120782,0.9807893434406053,300
D3_PaySim,BRF,Balanced RF,0.42,roc_auc,0.9983584766173703,0.9967600083388661,0.9994133044855142,300
D3_PaySim,BRF,Balanced RF,0.42,expected_cost_per_10k,393.75,267.7125,535.6062499999998,300
D3_PaySim,EasyEnsemble,EasyEnsemble,0.48,recall,0.9877641824249166,0.9802247615932622,0.9935241828235459,300
D3_PaySim,EasyEnsemble,EasyEnsemble,0.48,precision,0.24964858026426764,0.23640974445486218,0.2641648161045698,300
D3_PaySim,EasyEnsemble,EasyEnsemble,0.48,mcc,0.4788273048713457,0.4648114842415443,0.4922733342563603,300
D3_PaySim,EasyEnsemble,EasyEnsemble,0.48,pr_auc,0.8758953117331236,0.8582386983941515,0.8917249673606988,300
D3_PaySim,EasyEnsemble,EasyEnsemble,0.48,roc_auc,0.9931740193439317,0.9916394265582786,0.9947233340068228,300
D3_PaySim,EasyEnsemble,EasyEnsemble,0.48,expected_cost_per_10k,942.25,814.2625,1112.26875,300
D3_PaySim,MLP_Focal_SMOTE,MLP + Focal + SMOTE,0.42,recall,0.982202447163515,0.973429361061973,0.9900629642277811,300
D3_PaySim,MLP_Focal_SMOTE,MLP + Focal + SMOTE,0.42,precision,0.583994708994709,0.5606323169799449,0.6072253155348449,300
D3_PaySim,MLP_Focal_SMOTE,MLP + Focal + SMOTE,0.42,mcc,0.7508694608151316,0.735139183341034,0.7670889566503345,300
D3_PaySim,MLP_Focal_SMOTE,MLP + Focal + SMOTE,0.42,pr_auc,0.9569299028312374,0.9488709069025549,0.9655227425631984,300
D3_PaySim,MLP_Focal_SMOTE,MLP + Focal + SMOTE,0.42,roc_auc,0.9974207294482994,0.9960424811895126,0.9985031179342354,300
D3_PaySim,MLP_Focal_SMOTE,MLP + Focal + SMOTE,0.42,expected_cost_per_10k,557.25,386.34375,750.9124999999999,300
